{
  "harmbench_dream_dija": {
    "n": 393,
    "asr_k": 0.9414758269720102,
    "asr_llm": 0.7150127226463104,
    "unsafe": 281,
    "errors": 0
  },
  "harmbench_dream_direct": {
    "n": 393,
    "asr_k": 0.1297709923664122,
    "asr_llm": 0.089058524173028,
    "unsafe": 35,
    "errors": 0
  },
  "harmbench_dream_ours": {
    "n": 400,
    "asr_k": 0.87,
    "asr_llm": 0.7225,
    "unsafe": 289,
    "errors": 0
  },
  "harmbench_dream_pad": {
    "n": 393,
    "asr_k": 0.7353689567430025,
    "asr_llm": 0.5470737913486005,
    "unsafe": 215,
    "errors": 0
  },
  "harmbench_dream_pair": {
    "n": 200,
    "asr_k": 0.155,
    "asr_llm": 0.005,
    "unsafe": 1,
    "errors": 0
  },
  "harmbench_dream_renellm": {
    "n": 190,
    "asr_k": 0.9736842105263158,
    "asr_llm": 0.03684210526315789,
    "unsafe": 7,
    "errors": 0
  },
  "harmbench_llada1_5_dija": {
    "n": 393,
    "asr_k": 0.732824427480916,
    "asr_llm": 0.7659033078880407,
    "unsafe": 301,
    "errors": 0
  },
  "harmbench_llada1_5_direct": {
    "n": 393,
    "asr_k": 0.3282442748091603,
    "asr_llm": 0.2595419847328244,
    "unsafe": 102,
    "errors": 0
  },
  "harmbench_llada1_5_ours": {
    "n": 400,
    "asr_k": 0.85,
    "asr_llm": 0.7075,
    "unsafe": 283,
    "errors": 0
  },
  "harmbench_llada1_5_pad": {
    "n": 393,
    "asr_k": 0.6335877862595419,
    "asr_llm": 0.5241730279898219,
    "unsafe": 206,
    "errors": 0
  },
  "harmbench_llada1_5_pair": {
    "n": 200,
    "asr_k": 0.355,
    "asr_llm": 0.005,
    "unsafe": 1,
    "errors": 0
  },
  "harmbench_llada1_5_renellm": {
    "n": 190,
    "asr_k": 0.9210526315789473,
    "asr_llm": 0.07368421052631578,
    "unsafe": 14,
    "errors": 0
  },
  "harmbench_llada2_dija": {
    "n": 347,
    "asr_k": 1.0,
    "asr_llm": 0.21037463976945245,
    "unsafe": 73,
    "errors": 0
  },
  "harmbench_llada2_direct": {
    "n": 393,
    "asr_k": 0.20610687022900764,
    "asr_llm": 0.19083969465648856,
    "unsafe": 75,
    "errors": 0
  },
  "harmbench_llada2_ours": {
    "n": 217,
    "asr_k": 0.6129032258064516,
    "asr_llm": 0.7235023041474654,
    "unsafe": 157,
    "errors": 0
  },
  "harmbench_llada2_pad": {
    "n": 393,
    "asr_k": 0.3384223918575064,
    "asr_llm": 0.3231552162849873,
    "unsafe": 127,
    "errors": 0
  },
  "harmbench_llada2_pair": {
    "n": 200,
    "asr_k": 0.155,
    "asr_llm": 0.0,
    "unsafe": 0,
    "errors": 0
  },
  "harmbench_llada2_renellm": {
    "n": 190,
    "asr_k": 0.5421052631578948,
    "asr_llm": 0.021052631578947368,
    "unsafe": 4,
    "errors": 0
  },
  "harmbench_llada_dija": {
    "n": 393,
    "asr_k": 0.7989821882951654,
    "asr_llm": 0.7684478371501272,
    "unsafe": 302,
    "errors": 0
  },
  "harmbench_llada_direct": {
    "n": 393,
    "asr_k": 0.3231552162849873,
    "asr_llm": 0.26208651399491095,
    "unsafe": 103,
    "errors": 0
  },
  "harmbench_llada_ours": {
    "n": 232,
    "asr_k": 0.8706896551724138,
    "asr_llm": 0.7931034482758621,
    "unsafe": 184,
    "errors": 0
  },
  "harmbench_llada_pad": {
    "n": 393,
    "asr_k": 0.7073791348600509,
    "asr_llm": 0.5368956743002544,
    "unsafe": 211,
    "errors": 0
  },
  "harmbench_llada_pair": {
    "n": 200,
    "asr_k": 0.33,
    "asr_llm": 0.005,
    "unsafe": 1,
    "errors": 0
  },
  "harmbench_llada_renellm": {
    "n": 190,
    "asr_k": 0.9421052631578948,
    "asr_llm": 0.06315789473684211,
    "unsafe": 12,
    "errors": 0
  },
  "harmbench_mmada_dija": {
    "n": 393,
    "asr_k": 0.9516539440203562,
    "asr_llm": 0.7735368956743003,
    "unsafe": 304,
    "errors": 0
  },
  "harmbench_mmada_direct": {
    "n": 393,
    "asr_k": 0.8015267175572519,
    "asr_llm": 0.6132315521628499,
    "unsafe": 241,
    "errors": 0
  },
  "harmbench_mmada_ours": {
    "n": 215,
    "asr_k": 0.8744186046511628,
    "asr_llm": 0.8186046511627907,
    "unsafe": 176,
    "errors": 0
  },
  "harmbench_mmada_pad": {
    "n": 393,
    "asr_k": 0.9287531806615776,
    "asr_llm": 0.6870229007633588,
    "unsafe": 270,
    "errors": 0
  },
  "harmbench_mmada_pair": {
    "n": 200,
    "asr_k": 0.85,
    "asr_llm": 0.01,
    "unsafe": 2,
    "errors": 0
  },
  "harmbench_mmada_renellm": {
    "n": 190,
    "asr_k": 0.8052631578947368,
    "asr_llm": 0.021052631578947368,
    "unsafe": 4,
    "errors": 0
  },
  "jailbreak_dream_dija": {
    "n": 100,
    "asr_k": 0.88,
    "asr_llm": 0.8,
    "unsafe": 80,
    "errors": 0
  },
  "jailbreak_dream_direct": {
    "n": 100,
    "asr_k": 0.01,
    "asr_llm": 0.0,
    "unsafe": 0,
    "errors": 0
  },
  "jailbreak_dream_ours": {
    "n": 100,
    "asr_k": 0.86,
    "asr_llm": 0.95,
    "unsafe": 95,
    "errors": 0
  },
  "jailbreak_dream_pad": {
    "n": 100,
    "asr_k": 0.57,
    "asr_llm": 0.72,
    "unsafe": 72,
    "errors": 0
  },
  "jailbreak_dream_pair": {
    "n": 100,
    "asr_k": 0.69,
    "asr_llm": 0.0,
    "unsafe": 0,
    "errors": 0
  },
  "jailbreak_dream_renellm": {
    "n": 90,
    "asr_k": 1.0,
    "asr_llm": 0.05555555555555555,
    "unsafe": 5,
    "errors": 0
  },
  "jailbreak_llada1_5_dija": {
    "n": 100,
    "asr_k": 0.55,
    "asr_llm": 0.69,
    "unsafe": 69,
    "errors": 0
  },
  "jailbreak_llada1_5_direct": {
    "n": 100,
    "asr_k": 0.03,
    "asr_llm": 0.0,
    "unsafe": 0,
    "errors": 0
  },
  "jailbreak_llada1_5_ours": {
    "n": 100,
    "asr_k": 0.76,
    "asr_llm": 0.89,
    "unsafe": 89,
    "errors": 0
  },
  "jailbreak_llada1_5_pad": {
    "n": 100,
    "asr_k": 0.41,
    "asr_llm": 0.64,
    "unsafe": 64,
    "errors": 0
  },
  "jailbreak_llada1_5_pair": {
    "n": 100,
    "asr_k": 0.92,
    "asr_llm": 0.0,
    "unsafe": 0,
    "errors": 0
  },
  "jailbreak_llada1_5_renellm": {
    "n": 90,
    "asr_k": 0.9666666666666667,
    "asr_llm": 0.05555555555555555,
    "unsafe": 5,
    "errors": 0
  },
  "jailbreak_llada2_dija": {
    "n": 100,
    "asr_k": 0.35,
    "asr_llm": 0.28,
    "unsafe": 28,
    "errors": 0
  },
  "jailbreak_llada2_direct": {
    "n": 158,
    "asr_k": 0.0189873417721519,
    "asr_llm": 0.0,
    "unsafe": 0,
    "errors": 0
  },
  "jailbreak_llada2_ours": {
    "n": 100,
    "asr_k": 0.64,
    "asr_llm": 0.77,
    "unsafe": 77,
    "errors": 0
  },
  "jailbreak_llada2_pad": {
    "n": 100,
    "asr_k": 0.07,
    "asr_llm": 0.1,
    "unsafe": 10,
    "errors": 0
  },
  "jailbreak_llada2_pair": {
    "n": 100,
    "asr_k": 0.71,
    "asr_llm": 0.0,
    "unsafe": 0,
    "errors": 0
  },
  "jailbreak_llada2_renellm": {
    "n": 90,
    "asr_k": 0.6777777777777778,
    "asr_llm": 0.03333333333333333,
    "unsafe": 3,
    "errors": 0
  },
  "jailbreak_llada_dija": {
    "n": 100,
    "asr_k": 0.59,
    "asr_llm": 0.72,
    "unsafe": 72,
    "errors": 0
  },
  "jailbreak_llada_direct": {
    "n": 100,
    "asr_k": 0.02,
    "asr_llm": 0.02,
    "unsafe": 2,
    "errors": 0
  },
  "jailbreak_llada_ours": {
    "n": 100,
    "asr_k": 0.75,
    "asr_llm": 0.91,
    "unsafe": 91,
    "errors": 0
  },
  "jailbreak_llada_pad": {
    "n": 100,
    "asr_k": 0.49,
    "asr_llm": 0.62,
    "unsafe": 62,
    "errors": 0
  },
  "jailbreak_llada_pair": {
    "n": 100,
    "asr_k": 0.9,
    "asr_llm": 0.0,
    "unsafe": 0,
    "errors": 0
  },
  "jailbreak_llada_renellm": {
    "n": 90,
    "asr_k": 0.9888888888888889,
    "asr_llm": 0.022222222222222223,
    "unsafe": 2,
    "errors": 0
  },
  "jailbreak_mmada_dija": {
    "n": 100,
    "asr_k": 0.98,
    "asr_llm": 0.71,
    "unsafe": 71,
    "errors": 0
  },
  "jailbreak_mmada_direct": {
    "n": 100,
    "asr_k": 0.68,
    "asr_llm": 0.58,
    "unsafe": 58,
    "errors": 0
  },
  "jailbreak_mmada_ours": {
    "n": 100,
    "asr_k": 0.89,
    "asr_llm": 0.93,
    "unsafe": 93,
    "errors": 0
  },
  "jailbreak_mmada_pad": {
    "n": 100,
    "asr_k": 0.86,
    "asr_llm": 0.83,
    "unsafe": 83,
    "errors": 0
  },
  "jailbreak_mmada_pair": {
    "n": 100,
    "asr_k": 0.97,
    "asr_llm": 0.01,
    "unsafe": 1,
    "errors": 0
  },